source_id,source_artifact_path,source_record_sha256,mps_root_identity,neutral_export_identity,equivalence_verdict
ACC-001,overleaf/NL_TPS_High_Level_Requirements.tex,346d18c8907212ff34ed189ab5c5c7bf5008f31592b0d768877c8b654ef4eb5b,r:42669edd-f887-4e0e-a7a4-d7a2958f0e96(nltps.corpus.hlr)/1bNmcZ3JGVG,hlr-corpus-export.json#ACC-001,equivalent
ACC-002,overleaf/NL_TPS_High_Level_Requirements.tex,0b07c8e1e89739e6715320180e9eeebdc1bd275a1e766de3356a1126d5ab378d,r:42669edd-f887-4e0e-a7a4-d7a2958f0e96(nltps.corpus.hlr)/1bNmcZ3JGVR,hlr-corpus-export.json#ACC-002,equivalent
ACC-003,overleaf/NL_TPS_High_Level_Requirements.tex,1b3a31463a8e6b6f32352e3fef483f8cac65ce1c149626cc2b1644c7d78ae5f9,r:42669edd-f887-4e0e-a7a4-d7a2958f0e96(nltps.corpus.hlr)/1bNmcZ3JGW3,hlr-corpus-export.json#ACC-003,equivalent
ACC-004,overleaf/NL_TPS_High_Level_Requirements.tex,23afb1acd06420ab5190a6df47a793d8638c8cf6ceffe8ff93efa820e3d937d9,r:42669edd-f887-4e0e-a7a4-d7a2958f0e96(nltps.corpus.hlr)/1bNmcZ3JGWe,hlr-corpus-export.json#ACC-004,equivalent
ACC-005,overleaf/NL_TPS_High_Level_Requirements.tex,5a8c1384c8bee23489bcf6489dea9200dfdb85b0d5cdb46fbe876b40dca9b339,r:42669edd-f887-4e0e-a7a4-d7a2958f0e96(nltps.corpus.hlr)/1bNmcZ3JGWs,hlr-corpus-export.json#ACC-005,equivalent
ACC-006,overleaf/NL_TPS_High_Level_Requirements.tex,e5cb9063049b1a05c94990e414b206fae41676ca3c00b01615d1649cf1a16d85,r:42669edd-f887-4e0e-a7a4-d7a2958f0e96(nltps.corpus.hlr)/1bNmcZ3JGWD,hlr-corpus-export.json#ACC-006,equivalent
ACC-007,overleaf/NL_TPS_High_Level_Requirements.tex,0e55ad6bfee12cc18beb0f4f3b4dc8fd4ea5fb78cc82a7ed30b8699565071fee,r:42669edd-f887-4e0e-a7a4-d7a2958f0e96(nltps.corpus.hlr)/1bNmcZ3JGWQ,hlr-corpus-export.json#ACC-007,equivalent
ACC-008,overleaf/NL_TPS_High_Level_Requirements.tex,038eece31171baf55715df6b61bca713cdcfe768479e72085685fe0f24ea0376,r:42669edd-f887-4e0e-a7a4-d7a2958f0e96(nltps.corpus.hlr)/1bNmcZ3JGX2,hlr-corpus-export.json#ACC-008,equivalent
AIM-001,overleaf/NL_TPS_High_Level_Requirements.tex,5d71dbb6e1dc20f83b2bd89769c69c918ba6969e9f422fcb360f45a3868bc5e0,r:42669edd-f887-4e0e-a7a4-d7a2958f0e96(nltps.corpus.hlr)/1bNmcZ3JGOz,hlr-corpus-export.json#AIM-001,equivalent
AIM-002,overleaf/NL_TPS_High_Level_Requirements.tex,0cc0cc1ff63aad8322a2e1502fd96623fdd53f726afe8ff1a320088578ae182c,r:42669edd-f887-4e0e-a7a4-d7a2958f0e96(nltps.corpus.hlr)/1bNmcZ3JGOJ,hlr-corpus-export.json#AIM-002,equivalent
AIM-003,overleaf/NL_TPS_High_Level_Requirements.tex,9f1abb516294017cde0bbff1f0aba88a23bb3eab37e9d3f5d0816541a95da533,r:42669edd-f887-4e0e-a7a4-d7a2958f0e96(nltps.corpus.hlr)/1bNmcZ3JGOU,hlr-corpus-export.json#AIM-003,equivalent
AIM-004,overleaf/NL_TPS_High_Level_Requirements.tex,c9a90cb500de8c878819acf0819c224302a50f5e5b1321b7a5a1f25517d809a3,r:42669edd-f887-4e0e-a7a4-d7a2958f0e96(nltps.corpus.hlr)/1bNmcZ3JGP7,hlr-corpus-export.json#AIM-004,equivalent
AIM-005,overleaf/NL_TPS_High_Level_Requirements.tex,366aa20c4a466477982199ece4112e25f8b1c12a6c502c203d7126a84dfc34e6,r:42669edd-f887-4e0e-a7a4-d7a2958f0e96(nltps.corpus.hlr)/1bNmcZ3JGPj,hlr-corpus-export.json#AIM-005,equivalent
AIM-006,overleaf/NL_TPS_High_Level_Requirements.tex,a4be18799e7722c6211a30aac6e08e7085b920c19d147062018f5e3fb0a1408b,r:42669edd-f887-4e0e-a7a4-d7a2958f0e96(nltps.corpus.hlr)/1bNmcZ3JGPu,hlr-corpus-export.json#AIM-006,equivalent
AIM-007,overleaf/NL_TPS_High_Level_Requirements.tex,065f86423c78032f2cd4a70bb6f240382698bc4801ecab0908b3838ed8b99ee3,r:42669edd-f887-4e0e-a7a4-d7a2958f0e96(nltps.corpus.hlr)/1bNmcZ3JGPD,hlr-corpus-export.json#AIM-007,equivalent
AIM-008,overleaf/NL_TPS_High_Level_Requirements.tex,65392d9e13ec6504d1f6908c0d509c15e9d032471840aefc7659df54b0d9d515,r:42669edd-f887-4e0e-a7a4-d7a2958f0e96(nltps.corpus.hlr)/1bNmcZ3JGPX,hlr-corpus-export.json#AIM-008,equivalent
CLN-001,overleaf/NL_TPS_High_Level_Requirements.tex,778730f154d66d1c909f045245f32a7e2d883cb6f81f1ad42785eadd8ab7886a,r:42669edd-f887-4e0e-a7a4-d7a2958f0e96(nltps.corpus.hlr)/1bNmcZ3JGGP,hlr-corpus-export.json#CLN-001,equivalent
CLN-002,overleaf/NL_TPS_High_Level_Requirements.tex,d3dff2f9ec1970fabd90365f6d6ca06303ca1530d47ee82323e4ab0df12934fb,r:42669edd-f887-4e0e-a7a4-d7a2958f0e96(nltps.corpus.hlr)/1bNmcZ3JGH0,hlr-corpus-export.json#CLN-002,equivalent
CLN-003,overleaf/NL_TPS_High_Level_Requirements.tex,3e58eba4256b02ad0f417c9740aa8f90402a772990ab57e76a5c316f93fd9355,r:42669edd-f887-4e0e-a7a4-d7a2958f0e96(nltps.corpus.hlr)/1bNmcZ3JGHc,hlr-corpus-export.json#CLN-003,equivalent
CLN-004,overleaf/NL_TPS_High_Level_Requirements.tex,bab9346587081c4e0a71df9b98bd6e44c544e506bee0cf5002cbcfd113fd0c92,r:42669edd-f887-4e0e-a7a4-d7a2958f0e96(nltps.corpus.hlr)/1bNmcZ3JGHo,hlr-corpus-export.json#CLN-004,equivalent
CLN-005,overleaf/NL_TPS_High_Level_Requirements.tex,efc0e5fd5712c980c2d55b2c791fb2db1cff7ad51264d2980e3454f1d3496c49,r:42669edd-f887-4e0e-a7a4-d7a2958f0e96(nltps.corpus.hlr)/1bNmcZ3JGH$,hlr-corpus-export.json#CLN-005,equivalent
CLN-006,overleaf/NL_TPS_High_Level_Requirements.tex,3f95f737d98b860799d12d1cc825d74a492b11ee6eba3383b0c785c4d3f1c483,r:42669edd-f887-4e0e-a7a4-d7a2958f0e96(nltps.corpus.hlr)/1bNmcZ3JGHL,hlr-corpus-export.json#CLN-006,equivalent
CLN-007,overleaf/NL_TPS_High_Level_Requirements.tex,332e18ef617aa5c3c492d354ec958b4b35069a31a03000524e6086a577cb6ef4,r:42669edd-f887-4e0e-a7a4-d7a2958f0e96(nltps.corpus.hlr)/1bNmcZ3JGHX,hlr-corpus-export.json#CLN-007,equivalent
CLN-008,overleaf/NL_TPS_High_Level_Requirements.tex,3abf796afc7d168d58ddfe190312cf42248d61b51ea30d4ce1fe2552e94792b6,r:42669edd-f887-4e0e-a7a4-d7a2958f0e96(nltps.corpus.hlr)/1bNmcZ3JGIi,hlr-corpus-export.json#CLN-008,equivalent
CLN-009,overleaf/NL_TPS_High_Level_Requirements.tex,07a264b4f21afb4f54116a14ded56f0e7e7cf8c5d55689cd54046e213343152e,r:42669edd-f887-4e0e-a7a4-d7a2958f0e96(nltps.corpus.hlr)/1bNmcZ3JGIt,hlr-corpus-export.json#CLN-009,equivalent
DAT-001,overleaf/NL_TPS_High_Level_Requirements.tex,60414507f7b24e74ad9ab1bf77704807db6b4319e1cbcb65f63db77edc6e7f2f,r:42669edd-f887-4e0e-a7a4-d7a2958f0e96(nltps.corpus.hlr)/1bNmcZ3JGMG,hlr-corpus-export.json#DAT-001,equivalent
DAT-002,overleaf/NL_TPS_High_Level_Requirements.tex,8e21c2a3efe011a0a4479d47d9a75d77d34f296a61a7789b25be1d1376e23ed6,r:42669edd-f887-4e0e-a7a4-d7a2958f0e96(nltps.corpus.hlr)/1bNmcZ3JGMR,hlr-corpus-export.json#DAT-002,equivalent
DAT-003,overleaf/NL_TPS_High_Level_Requirements.tex,432649d76f0ad38cfb2cc9192a85b52f4fb8af7d7f14df287683edee0fb0cc2f,r:42669edd-f887-4e0e-a7a4-d7a2958f0e96(nltps.corpus.hlr)/1bNmcZ3JGN3,hlr-corpus-export.json#DAT-003,equivalent
DAT-004,overleaf/NL_TPS_High_Level_Requirements.tex,c3df10b346af872e7694416275ab5afa0c028f28b3c36a58b304465023acd9b6,r:42669edd-f887-4e0e-a7a4-d7a2958f0e96(nltps.corpus.hlr)/1bNmcZ3JGNg,hlr-corpus-export.json#DAT-004,equivalent
DAT-005,overleaf/NL_TPS_High_Level_Requirements.tex,74c5b2450e0a5b8ae16b176afa5fe5eec3d7a678dfed38c64410139aa00ec5b8,r:42669edd-f887-4e0e-a7a4-d7a2958f0e96(nltps.corpus.hlr)/1bNmcZ3JGNt,hlr-corpus-export.json#DAT-005,equivalent
DAT-006,overleaf/NL_TPS_High_Level_Requirements.tex,37a5de282ed9e17b674f9c2747f10613bdd0eecacaab4d880455b47434d4e43f,r:42669edd-f887-4e0e-a7a4-d7a2958f0e96(nltps.corpus.hlr)/1bNmcZ3JGNC,hlr-corpus-export.json#DAT-006,equivalent
DAT-007,overleaf/NL_TPS_High_Level_Requirements.tex,6bb35b11a4d2e8e069540196187a51e5ec351dd885d2aca177e75e51e347e05c,r:42669edd-f887-4e0e-a7a4-d7a2958f0e96(nltps.corpus.hlr)/1bNmcZ3JGNN,hlr-corpus-export.json#DAT-007,equivalent
DAT-008,overleaf/NL_TPS_High_Level_Requirements.tex,c3ad17309d63eb4a34f3a3deba30d6896158247915c27a74fe4de55965aacde2,r:42669edd-f887-4e0e-a7a4-d7a2958f0e96(nltps.corpus.hlr)/1bNmcZ3JGNZ,hlr-corpus-export.json#DAT-008,equivalent
DAT-009,overleaf/NL_TPS_High_Level_Requirements.tex,0897bfa788eb1423eab9bb6de8aa3f7d24d748dde817db43db5d1b2c5f117c81,r:42669edd-f887-4e0e-a7a4-d7a2958f0e96(nltps.corpus.hlr)/1bNmcZ3JGOb,hlr-corpus-export.json#DAT-009,equivalent
DAT-010,overleaf/NL_TPS_High_Level_Requirements.tex,904709ac27de185c6717e53fd60d12cb37ff005a3d81a27f8129c625580d2a74,r:42669edd-f887-4e0e-a7a4-d7a2958f0e96(nltps.corpus.hlr)/1bNmcZ3JGOo,hlr-corpus-export.json#DAT-010,equivalent
EVD-001,overleaf/NL_TPS_High_Level_Requirements.tex,19899074e3f5bf19a6a231eb6ca1e9bd99d0b5f21bb70161e4ae598713b5f1e1,r:42669edd-f887-4e0e-a7a4-d7a2958f0e96(nltps.corpus.hlr)/1bNmcZ3JGFk,hlr-corpus-export.json#EVD-001,equivalent
EVD-002,overleaf/NL_TPS_High_Level_Requirements.tex,df0afc00cfa87a7351ccb860eef5caa741e1a122a62401abcb7493b6263d9407,r:42669edd-f887-4e0e-a7a4-d7a2958f0e96(nltps.corpus.hlr)/1bNmcZ3JGFw,hlr-corpus-export.json#EVD-002,equivalent
EVD-003,overleaf/NL_TPS_High_Level_Requirements.tex,082911eac6ccee0f8fa68627ed518ece49452187978ba423173139108bc60ec1,r:42669edd-f887-4e0e-a7a4-d7a2958f0e96(nltps.corpus.hlr)/1bNmcZ3JGFG,hlr-corpus-export.json#EVD-003,equivalent
EVD-004,overleaf/NL_TPS_High_Level_Requirements.tex,2ace6125bc098c95fcd32a4de625163a2cd3e74d5917b6fcba684210c699b948,r:42669edd-f887-4e0e-a7a4-d7a2958f0e96(nltps.corpus.hlr)/1bNmcZ3JGFT,hlr-corpus-export.json#EVD-004,equivalent
EVD-005,overleaf/NL_TPS_High_Level_Requirements.tex,a2bd66cf144a5a99d0af93c52d9252295eebd41c374d92f322ae6b987beddf4f,r:42669edd-f887-4e0e-a7a4-d7a2958f0e96(nltps.corpus.hlr)/1bNmcZ3JGG5,hlr-corpus-export.json#EVD-005,equivalent
EVD-006,overleaf/NL_TPS_High_Level_Requirements.tex,b5b3ca4a685c5e776de637992ad6a745d4a7bcd28d91a60c76496645e9b6c833,r:42669edd-f887-4e0e-a7a4-d7a2958f0e96(nltps.corpus.hlr)/1bNmcZ3JGGh,hlr-corpus-export.json#EVD-006,equivalent
EVD-007,overleaf/NL_TPS_High_Level_Requirements.tex,dbc499da48dd119ad65229762fa9fd159f36620b158e43d3cec5a79867650c54,r:42669edd-f887-4e0e-a7a4-d7a2958f0e96(nltps.corpus.hlr)/1bNmcZ3JGGt,hlr-corpus-export.json#EVD-007,equivalent
EVD-008,overleaf/NL_TPS_High_Level_Requirements.tex,ba0064bf8ce608c7d2ec3bf3e743bb986557aa3601e9da431607ed0350a0b28e,r:42669edd-f887-4e0e-a7a4-d7a2958f0e96(nltps.corpus.hlr)/1bNmcZ3JGGD,hlr-corpus-export.json#EVD-008,equivalent
GOV-001,overleaf/NL_TPS_High_Level_Requirements.tex,913189cef6c9b17d7b8c8bbd78d200a8605fd082041fa5d2206f2f8d0ba78448,r:42669edd-f887-4e0e-a7a4-d7a2958f0e96(nltps.corpus.hlr)/1bNmcZ3JGAD,hlr-corpus-export.json#GOV-001,equivalent
GOV-002,overleaf/NL_TPS_High_Level_Requirements.tex,1ada340cdacdb2250ccf2c90a9732f26db5208b820eca71f58c82e287481e957,r:42669edd-f887-4e0e-a7a4-d7a2958f0e96(nltps.corpus.hlr)/1bNmcZ3JGAO,hlr-corpus-export.json#GOV-002,equivalent
GOV-003,overleaf/NL_TPS_High_Level_Requirements.tex,a025e846d1d072d9243a88d7681bdcee7334aa2a262a340e944e05417b635a5b,r:42669edd-f887-4e0e-a7a4-d7a2958f0e96(nltps.corpus.hlr)/1bNmcZ3JGAZ,hlr-corpus-export.json#GOV-003,equivalent
GOV-004,overleaf/NL_TPS_High_Level_Requirements.tex,b4bd0b68d001c290e883378557ae1446c217dccff936a68eda4a4c290450a901,r:42669edd-f887-4e0e-a7a4-d7a2958f0e96(nltps.corpus.hlr)/1bNmcZ3JGBa,hlr-corpus-export.json#GOV-004,equivalent
GOV-005,overleaf/NL_TPS_High_Level_Requirements.tex,c64d996558b5189ca1f7748b325529a578225546d729f2a9eb98e3718e6a8ad3,r:42669edd-f887-4e0e-a7a4-d7a2958f0e96(nltps.corpus.hlr)/1bNmcZ3JGBl,hlr-corpus-export.json#GOV-005,equivalent
GOV-006,overleaf/NL_TPS_High_Level_Requirements.tex,55e508ba514dc8ad0fafddbce8f889c9237e46cacb1fa3ce9a3532c886f54f5e,r:42669edd-f887-4e0e-a7a4-d7a2958f0e96(nltps.corpus.hlr)/1bNmcZ3JGBw,hlr-corpus-export.json#GOV-006,equivalent
GOV-007,overleaf/NL_TPS_High_Level_Requirements.tex,92f9ddbb00e5c7bac2ff4519122d9c2ec87e2abfed8a0e296ae9ac46f7fd211c,r:42669edd-f887-4e0e-a7a4-d7a2958f0e96(nltps.corpus.hlr)/1bNmcZ3JGBF,hlr-corpus-export.json#GOV-007,equivalent
HFE-001,overleaf/NL_TPS_High_Level_Requirements.tex,23a6f29cb9cec1dc50da1ba44f5804200d92e1c670266f5d534ac52e17cab42a,r:42669edd-f887-4e0e-a7a4-d7a2958f0e96(nltps.corpus.hlr)/1bNmcZ3JGQ9,hlr-corpus-export.json#HFE-001,equivalent
HFE-002,overleaf/NL_TPS_High_Level_Requirements.tex,3de2a15ea85daf96af7d997e09d8b655cd20358c12fa3a8723c3ceea2f1b5167,r:42669edd-f887-4e0e-a7a4-d7a2958f0e96(nltps.corpus.hlr)/1bNmcZ3JGQm,hlr-corpus-export.json#HFE-002,equivalent
HFE-003,overleaf/NL_TPS_High_Level_Requirements.tex,f9c10f4982bb4c3bd0ae73f8afe18ec618f0dc29d48e5840b74268cc038eb40a,r:42669edd-f887-4e0e-a7a4-d7a2958f0e96(nltps.corpus.hlr)/1bNmcZ3JGQy,hlr-corpus-export.json#HFE-003,equivalent
HFE-004,overleaf/NL_TPS_High_Level_Requirements.tex,437a69b208ff106393a5f4708684a68f22a77b163a9aa54dd959d633bfda3a0b,r:42669edd-f887-4e0e-a7a4-d7a2958f0e96(nltps.corpus.hlr)/1bNmcZ3JGQI,hlr-corpus-export.json#HFE-004,equivalent
HFE-005,overleaf/NL_TPS_High_Level_Requirements.tex,505ec841c6f17667c56e4e2f56b1076eee90b6c9a9291bcb1bb2ca65cb38e597,r:42669edd-f887-4e0e-a7a4-d7a2958f0e96(nltps.corpus.hlr)/1bNmcZ3JGQU,hlr-corpus-export.json#HFE-005,equivalent
HFE-006,overleaf/NL_TPS_High_Level_Requirements.tex,fb5335600acdd6fe2eb3fc25fc95ac6365297b16e5d5b09c2707f4fb8d55a980,r:42669edd-f887-4e0e-a7a4-d7a2958f0e96(nltps.corpus.hlr)/1bNmcZ3JGR5,hlr-corpus-export.json#HFE-006,equivalent
NLI-001,overleaf/NL_TPS_High_Level_Requirements.tex,773830b8d221331600ccf8dd8468c9628ce3e1fb9b92cd826b422c0b0217178a,r:42669edd-f887-4e0e-a7a4-d7a2958f0e96(nltps.corpus.hlr)/1bNmcZ3JGDI,hlr-corpus-export.json#NLI-001,equivalent
NLI-002,overleaf/NL_TPS_High_Level_Requirements.tex,f19a645b7d698901bf30c83bad0352291c9cbe9cb707dde0ae11f0003f86af7a,r:42669edd-f887-4e0e-a7a4-d7a2958f0e96(nltps.corpus.hlr)/1bNmcZ3JGDU,hlr-corpus-export.json#NLI-002,equivalent
NLI-003,overleaf/NL_TPS_High_Level_Requirements.tex,3f6de2f33a858152bb5ec9f487a8603402d6bb0fc8bcddd8d61f4c94ad167f42,r:42669edd-f887-4e0e-a7a4-d7a2958f0e96(nltps.corpus.hlr)/1bNmcZ3JGE6,hlr-corpus-export.json#NLI-003,equivalent
NLI-004,overleaf/NL_TPS_High_Level_Requirements.tex,01f0210a67053f309b50d29a88e06671fa86ed4588b76c2c5d042d75661bf482,r:42669edd-f887-4e0e-a7a4-d7a2958f0e96(nltps.corpus.hlr)/1bNmcZ3JGEq,hlr-corpus-export.json#NLI-004,equivalent
NLI-005,overleaf/NL_TPS_High_Level_Requirements.tex,15d1605ab5d8e6815367281f26828fc0a59ed8e0b6c711a7ed03eff1848ab77e,r:42669edd-f887-4e0e-a7a4-d7a2958f0e96(nltps.corpus.hlr)/1bNmcZ3JGE_,hlr-corpus-export.json#NLI-005,equivalent
NLI-006,overleaf/NL_TPS_High_Level_Requirements.tex,e35a9edb06d372a849875b862f48ea897dc4df3eed212311ec427aee0587c992,r:42669edd-f887-4e0e-a7a4-d7a2958f0e96(nltps.corpus.hlr)/1bNmcZ3JGEM,hlr-corpus-export.json#NLI-006,equivalent
NLI-007,overleaf/NL_TPS_High_Level_Requirements.tex,d9af174bcc8e902bf7cd8c9e750923a91419e8b01ea878812e6dedac985b82cc,r:42669edd-f887-4e0e-a7a4-d7a2958f0e96(nltps.corpus.hlr)/1bNmcZ3JGEX,hlr-corpus-export.json#NLI-007,equivalent
NLI-008,overleaf/NL_TPS_High_Level_Requirements.tex,dbbf19e787a9a20faa103b78a9e9493e11ab84d4c87b24b6bb7721450dd708bf,r:42669edd-f887-4e0e-a7a4-d7a2958f0e96(nltps.corpus.hlr)/1bNmcZ3JGF9,hlr-corpus-export.json#NLI-008,equivalent
OPS-001,overleaf/NL_TPS_High_Level_Requirements.tex,51fb342684e37b0cfe7b19cde6bb1b03c38146c686dd7d9587efa7a31ca796f9,r:42669edd-f887-4e0e-a7a4-d7a2958f0e96(nltps.corpus.hlr)/1bNmcZ3JGSK,hlr-corpus-export.json#OPS-001,equivalent
OPS-002,overleaf/NL_TPS_High_Level_Requirements.tex,866511645cfe2a3adb112c2d2b6a140c1f3596b93159c25cc47d5f5c401ca9c2,r:42669edd-f887-4e0e-a7a4-d7a2958f0e96(nltps.corpus.hlr)/1bNmcZ3JGSW,hlr-corpus-export.json#OPS-002,equivalent
OPS-003,overleaf/NL_TPS_High_Level_Requirements.tex,55fbdc8af590eee434d66747469ea5e3e66e06f80c298874dba67c321cec35b1,r:42669edd-f887-4e0e-a7a4-d7a2958f0e96(nltps.corpus.hlr)/1bNmcZ3JGT7,hlr-corpus-export.json#OPS-003,equivalent
OPS-004,overleaf/NL_TPS_High_Level_Requirements.tex,1544eb9481ceef13e73be9198351561298ca9667d170cb02dd45cdde2c3174b0,r:42669edd-f887-4e0e-a7a4-d7a2958f0e96(nltps.corpus.hlr)/1bNmcZ3JGTk,hlr-corpus-export.json#OPS-004,equivalent
OPS-005,overleaf/NL_TPS_High_Level_Requirements.tex,0827d161739a7a960aade8b3bc9be09aa890d7bf79882b8040a6c4bfa61b1d92,r:42669edd-f887-4e0e-a7a4-d7a2958f0e96(nltps.corpus.hlr)/1bNmcZ3JGTv,hlr-corpus-export.json#OPS-005,equivalent
OPS-006,overleaf/NL_TPS_High_Level_Requirements.tex,6e71b6d1d8351b2283b6d6e75b3ae97e0b1d37068afc1daa97b3ab7dc3839f5d,r:42669edd-f887-4e0e-a7a4-d7a2958f0e96(nltps.corpus.hlr)/1bNmcZ3JGTN,hlr-corpus-export.json#OPS-006,equivalent
OPS-007,overleaf/NL_TPS_High_Level_Requirements.tex,ebab08d0a519acdb60679aedb9f2ac4e0e1c99ce12a60e9f5e2e7213f029394a,r:42669edd-f887-4e0e-a7a4-d7a2958f0e96(nltps.corpus.hlr)/1bNmcZ3JGTY,hlr-corpus-export.json#OPS-007,equivalent
PLN-001,overleaf/NL_TPS_High_Level_Requirements.tex,d6be3b7d57fd4db9960a08d2b4ec3164c4f02b13b10a9e10d73e11275a634ffc,r:42669edd-f887-4e0e-a7a4-d7a2958f0e96(nltps.corpus.hlr)/1bNmcZ3JGID,hlr-corpus-export.json#PLN-001,equivalent
PLN-002,overleaf/NL_TPS_High_Level_Requirements.tex,8fd76ca7b54dd137854ceeb35700430607af722f01916758c23ea39e3195982b,r:42669edd-f887-4e0e-a7a4-d7a2958f0e96(nltps.corpus.hlr)/1bNmcZ3JGIO,hlr-corpus-export.json#PLN-002,equivalent
PLN-003,overleaf/NL_TPS_High_Level_Requirements.tex,12ac967713cbfd47e3a6c8b7ea398957f2f0b05813e14e9c997610f7b8169432,r:42669edd-f887-4e0e-a7a4-d7a2958f0e96(nltps.corpus.hlr)/1bNmcZ3JGJ0,hlr-corpus-export.json#PLN-003,equivalent
PLN-004,overleaf/NL_TPS_High_Level_Requirements.tex,cd0f6c8b96f60705e6bc4e2bd68361a5b8cd691b8315309f9b23df6439f5d135,r:42669edd-f887-4e0e-a7a4-d7a2958f0e96(nltps.corpus.hlr)/1bNmcZ3JGJc,hlr-corpus-export.json#PLN-004,equivalent
PLN-005,overleaf/NL_TPS_High_Level_Requirements.tex,475a5bed3613667c95fdfdf2ac087629db68eacd64eafcd3be900cba6156ca5d,r:42669edd-f887-4e0e-a7a4-d7a2958f0e96(nltps.corpus.hlr)/1bNmcZ3JGJo,hlr-corpus-export.json#PLN-005,equivalent
PLN-006,overleaf/NL_TPS_High_Level_Requirements.tex,21711cc0dbf205bfe86445b67b1e5c4f8a2215d5e4adc186ec0506649847da62,r:42669edd-f887-4e0e-a7a4-d7a2958f0e96(nltps.corpus.hlr)/1bNmcZ3JGJ$,hlr-corpus-export.json#PLN-006,equivalent
PLN-007,overleaf/NL_TPS_High_Level_Requirements.tex,de463c551101cc6287af8af9a82db72d1e4bf5bd215a965da7bee75652970029,r:42669edd-f887-4e0e-a7a4-d7a2958f0e96(nltps.corpus.hlr)/1bNmcZ3JGJJ,hlr-corpus-export.json#PLN-007,equivalent
PLN-008,overleaf/NL_TPS_High_Level_Requirements.tex,c4e80f8b2e446d95afeaa7de20760cc874499230ad803debe66dbf02e2ed6d58,r:42669edd-f887-4e0e-a7a4-d7a2958f0e96(nltps.corpus.hlr)/1bNmcZ3JGJV,hlr-corpus-export.json#PLN-008,equivalent
PLN-009,overleaf/NL_TPS_High_Level_Requirements.tex,6746cc109f8cf9205b99cc4d4c0385e167cec8f8f195cb6388bfe244d55dcb3b,r:42669edd-f887-4e0e-a7a4-d7a2958f0e96(nltps.corpus.hlr)/1bNmcZ3JGK7,hlr-corpus-export.json#PLN-009,equivalent
PLN-010,overleaf/NL_TPS_High_Level_Requirements.tex,49240366f357d64ad8598905223581ef88b19ccdf7013c43ef3e5df111cba475,r:42669edd-f887-4e0e-a7a4-d7a2958f0e96(nltps.corpus.hlr)/1bNmcZ3JGKj,hlr-corpus-export.json#PLN-010,equivalent
PLN-011,overleaf/NL_TPS_High_Level_Requirements.tex,b745cf092b67d4a4797fe1265a22d1021648c78682ddc3fe311e51d5c8864e2c,r:42669edd-f887-4e0e-a7a4-d7a2958f0e96(nltps.corpus.hlr)/1bNmcZ3JGKw,hlr-corpus-export.json#PLN-011,equivalent
PLN-012,overleaf/NL_TPS_High_Level_Requirements.tex,b3685c121928e3299676fb9c5daa4cfbf2afeace910e4e006352ca9b0faa3881,r:42669edd-f887-4e0e-a7a4-d7a2958f0e96(nltps.corpus.hlr)/1bNmcZ3JGKG,hlr-corpus-export.json#PLN-012,equivalent
REV-001,overleaf/NL_TPS_High_Level_Requirements.tex,93e06c36b07c0e5a72165ddcc625f4fe31da2274f92b9d2707c25f3166c6f0a0,r:42669edd-f887-4e0e-a7a4-d7a2958f0e96(nltps.corpus.hlr)/1bNmcZ3JGKS,hlr-corpus-export.json#REV-001,equivalent
REV-002,overleaf/NL_TPS_High_Level_Requirements.tex,8c9b81f829b1fc75e450dc2d60ffd9cbf7fcafa55d5b24419b9ac0685f530f50,r:42669edd-f887-4e0e-a7a4-d7a2958f0e96(nltps.corpus.hlr)/1bNmcZ3JGL3,hlr-corpus-export.json#REV-002,equivalent
REV-003,overleaf/NL_TPS_High_Level_Requirements.tex,7de6d5c3dafd1e7fe68249cf260efbb5c08e61451f36b501dae60fb89342992d,r:42669edd-f887-4e0e-a7a4-d7a2958f0e96(nltps.corpus.hlr)/1bNmcZ3JGLf,hlr-corpus-export.json#REV-003,equivalent
REV-004,overleaf/NL_TPS_High_Level_Requirements.tex,21baac7a179f04d4fb2fbf673c325aa94a4ced803620636725439cc5d0881cea,r:42669edd-f887-4e0e-a7a4-d7a2958f0e96(nltps.corpus.hlr)/1bNmcZ3JGLs,hlr-corpus-export.json#REV-004,equivalent
REV-005,overleaf/NL_TPS_High_Level_Requirements.tex,86dacb6b6ee533fadfdf1c52d86cebf59b8af15c758eecbfb9066e4510799c8f,r:42669edd-f887-4e0e-a7a4-d7a2958f0e96(nltps.corpus.hlr)/1bNmcZ3JGLB,hlr-corpus-export.json#REV-005,equivalent
REV-006,overleaf/NL_TPS_High_Level_Requirements.tex,46510237e22e079d6d4f0d955688b211b2fe5841f97334829a42b97c22f0e738,r:42669edd-f887-4e0e-a7a4-d7a2958f0e96(nltps.corpus.hlr)/1bNmcZ3JGLM,hlr-corpus-export.json#REV-006,equivalent
REV-007,overleaf/NL_TPS_High_Level_Requirements.tex,ff41879bc7a970afb05a9099c3f8fb6862a87a4c88b7db1e415ebb335aec61cf,r:42669edd-f887-4e0e-a7a4-d7a2958f0e96(nltps.corpus.hlr)/1bNmcZ3JGM7,hlr-corpus-export.json#REV-007,equivalent
REV-008,overleaf/NL_TPS_High_Level_Requirements.tex,13a1622a5e499d7389a4d1049c7271fd9211c59bb4675227363055a8834a0e61,r:42669edd-f887-4e0e-a7a4-d7a2958f0e96(nltps.corpus.hlr)/1bNmcZ3JGMk,hlr-corpus-export.json#REV-008,equivalent
REV-009,overleaf/NL_TPS_High_Level_Requirements.tex,d535d79b03411e32d47d73790a525af1efca93c7c21cc64075d7609c1ccd5766,r:42669edd-f887-4e0e-a7a4-d7a2958f0e96(nltps.corpus.hlr)/1bNmcZ3JGMw,hlr-corpus-export.json#REV-009,equivalent
SAF-001,overleaf/NL_TPS_High_Level_Requirements.tex,d1f84cda12d28778e7f99f46fdf01d645588134f48f7470c0435b894fe66a134,r:42669edd-f887-4e0e-a7a4-d7a2958f0e96(nltps.corpus.hlr)/1bNmcZ3JGBQ,hlr-corpus-export.json#SAF-001,equivalent
SAF-002,overleaf/NL_TPS_High_Level_Requirements.tex,73b6cf8c4eafca38b76466783317e6fe3971c15969b75ca73e801eef68f84323,r:42669edd-f887-4e0e-a7a4-d7a2958f0e96(nltps.corpus.hlr)/1bNmcZ3JGC2,hlr-corpus-export.json#SAF-002,equivalent
SAF-003,overleaf/NL_TPS_High_Level_Requirements.tex,4c4d4c2be103c952c2090b4c965f0f2b26f565921d30814d3afc1971418701e0,r:42669edd-f887-4e0e-a7a4-d7a2958f0e96(nltps.corpus.hlr)/1bNmcZ3JGCe,hlr-corpus-export.json#SAF-003,equivalent
SAF-004,overleaf/NL_TPS_High_Level_Requirements.tex,34cbaabd3f7915a26ae041e0b7ac9a823476709a1636dbbfd2a7899c38e8aedb,r:42669edd-f887-4e0e-a7a4-d7a2958f0e96(nltps.corpus.hlr)/1bNmcZ3JGCq,hlr-corpus-export.json#SAF-004,equivalent
SAF-005,overleaf/NL_TPS_High_Level_Requirements.tex,d2b28eaf72c0a7071f5e469eba7d76bba8f1b1f3ecf7b637355b7b59196026b1,r:42669edd-f887-4e0e-a7a4-d7a2958f0e96(nltps.corpus.hlr)/1bNmcZ3JGCC,hlr-corpus-export.json#SAF-005,equivalent
SAF-006,overleaf/NL_TPS_High_Level_Requirements.tex,909cf5636be79a996b6197995e802a06f4fc23f12a9aa609c093bd410928f22a,r:42669edd-f887-4e0e-a7a4-d7a2958f0e96(nltps.corpus.hlr)/1bNmcZ3JGCO,hlr-corpus-export.json#SAF-006,equivalent
SAF-007,overleaf/NL_TPS_High_Level_Requirements.tex,000e35b63d9ed28ec812349d778144234bf7cc29619a7682162e2060c9ab05d3,r:42669edd-f887-4e0e-a7a4-d7a2958f0e96(nltps.corpus.hlr)/1bNmcZ3JGCZ,hlr-corpus-export.json#SAF-007,equivalent
SAF-008,overleaf/NL_TPS_High_Level_Requirements.tex,47ed6b039fa029d54ffe2bab97fcf46b227d899d0ecc95dba6c468d15845ad48,r:42669edd-f887-4e0e-a7a4-d7a2958f0e96(nltps.corpus.hlr)/1bNmcZ3JGDb,hlr-corpus-export.json#SAF-008,equivalent
SAF-009,overleaf/NL_TPS_High_Level_Requirements.tex,adc2105c57031c015fb1b1e872a0b9cd72c252da297027e2c5c1747631856537,r:42669edd-f887-4e0e-a7a4-d7a2958f0e96(nltps.corpus.hlr)/1bNmcZ3JGDm,hlr-corpus-export.json#SAF-009,equivalent
SAF-010,overleaf/NL_TPS_High_Level_Requirements.tex,3319ee4b9364afabca5277a23acf2ea89a40f212f074bdda963a7aa0263fb1d7,r:42669edd-f887-4e0e-a7a4-d7a2958f0e96(nltps.corpus.hlr)/1bNmcZ3JGDy,hlr-corpus-export.json#SAF-010,equivalent
SEC-001,overleaf/NL_TPS_High_Level_Requirements.tex,18e8c8af2ce266c846cc9ea46b75641e680f7f914bf4eb9362d6d4389904488e,r:42669edd-f887-4e0e-a7a4-d7a2958f0e96(nltps.corpus.hlr)/1bNmcZ3JGRg,hlr-corpus-export.json#SEC-001,equivalent
SEC-002,overleaf/NL_TPS_High_Level_Requirements.tex,5981136029329a5efe3509486c544c2a9dc0afcf16f5dc72c0f6c8c132713d4b,r:42669edd-f887-4e0e-a7a4-d7a2958f0e96(nltps.corpus.hlr)/1bNmcZ3JGRs,hlr-corpus-export.json#SEC-002,equivalent
SEC-003,overleaf/NL_TPS_High_Level_Requirements.tex,c3bf904598037b8dd1f8297b29a383f802615a14b7bc136d367393e6bbd46cec,r:42669edd-f887-4e0e-a7a4-d7a2958f0e96(nltps.corpus.hlr)/1bNmcZ3JGRC,hlr-corpus-export.json#SEC-003,equivalent
SEC-004,overleaf/NL_TPS_High_Level_Requirements.tex,11f8fdc59553893e81bb48cf850d39bd45ca9be47993fc08f6d61c5129983701,r:42669edd-f887-4e0e-a7a4-d7a2958f0e96(nltps.corpus.hlr)/1bNmcZ3JGRO,hlr-corpus-export.json#SEC-004,equivalent
SEC-005,overleaf/NL_TPS_High_Level_Requirements.tex,9b82fc1b145b3f6af80f1b9058a77823ff8df4360dfe7f88506ca3961b1a5033,r:42669edd-f887-4e0e-a7a4-d7a2958f0e96(nltps.corpus.hlr)/1bNmcZ3JGS0,hlr-corpus-export.json#SEC-005,equivalent
SEC-006,overleaf/NL_TPS_High_Level_Requirements.tex,887753aa50e5ffbcefca18abb168d33eb4e67b1d8a4f969ed70233d2d6e5c251,r:42669edd-f887-4e0e-a7a4-d7a2958f0e96(nltps.corpus.hlr)/1bNmcZ3JGSd,hlr-corpus-export.json#SEC-006,equivalent
SEC-007,overleaf/NL_TPS_High_Level_Requirements.tex,c174d2ac0aea9090ede5490307e7118f472c9f979d6788f9b90a48d20de40c8e,r:42669edd-f887-4e0e-a7a4-d7a2958f0e96(nltps.corpus.hlr)/1bNmcZ3JGSo,hlr-corpus-export.json#SEC-007,equivalent
SEC-008,overleaf/NL_TPS_High_Level_Requirements.tex,a5b7d1285c7ff2bdd18ff33579968fe9a97aa998150a897f39fa6c10825eb8c6,r:42669edd-f887-4e0e-a7a4-d7a2958f0e96(nltps.corpus.hlr)/1bNmcZ3JGS$,hlr-corpus-export.json#SEC-008,equivalent
VAL-001,overleaf/NL_TPS_High_Level_Requirements.tex,a6226bc236cb1b6a05415acd2592dea31e9eaf00ae8887677549e89c8abf4ce8,r:42669edd-f887-4e0e-a7a4-d7a2958f0e96(nltps.corpus.hlr)/1bNmcZ3JGU9,hlr-corpus-export.json#VAL-001,equivalent
VAL-002,overleaf/NL_TPS_High_Level_Requirements.tex,614095cf550f86364dcb83f8095af61015667732d9e37243a44ff9d9322696ad,r:42669edd-f887-4e0e-a7a4-d7a2958f0e96(nltps.corpus.hlr)/1bNmcZ3JGUk,hlr-corpus-export.json#VAL-002,equivalent
VAL-003,overleaf/NL_TPS_High_Level_Requirements.tex,bc96baa23c2ae297e515039c7978744c754380130a9499d29f33ac91b5a9b3c9,r:42669edd-f887-4e0e-a7a4-d7a2958f0e96(nltps.corpus.hlr)/1bNmcZ3JGUv,hlr-corpus-export.json#VAL-003,equivalent
VAL-004,overleaf/NL_TPS_High_Level_Requirements.tex,14a11cc686e5321cf21bb711bef3735258ab7339afcf50d8d8fb2231c8dd3112,r:42669edd-f887-4e0e-a7a4-d7a2958f0e96(nltps.corpus.hlr)/1bNmcZ3JGUE,hlr-corpus-export.json#VAL-004,equivalent
VAL-005,overleaf/NL_TPS_High_Level_Requirements.tex,812e6c072856c800181957ef622ab7ae7cb849a3ed1ce69c6f80111730abc03c,r:42669edd-f887-4e0e-a7a4-d7a2958f0e96(nltps.corpus.hlr)/1bNmcZ3JGUP,hlr-corpus-export.json#VAL-005,equivalent
VAL-006,overleaf/NL_TPS_High_Level_Requirements.tex,73ffbf120359c0a25b39fdc39bd845a0af2623e56fd84574257c6fe11b55feab,r:42669edd-f887-4e0e-a7a4-d7a2958f0e96(nltps.corpus.hlr)/1bNmcZ3JGV0,hlr-corpus-export.json#VAL-006,equivalent
VAL-007,overleaf/NL_TPS_High_Level_Requirements.tex,8d36ef15579e5c38c8a531b72175f4f917df522a223bc44d3ad5ba231c369153,r:42669edd-f887-4e0e-a7a4-d7a2958f0e96(nltps.corpus.hlr)/1bNmcZ3JGVb,hlr-corpus-export.json#VAL-007,equivalent
VAL-008,overleaf/NL_TPS_High_Level_Requirements.tex,619ba4631443ba496cc12d35849b61be5460fee813d0b9437bdd249bc88b28e6,r:42669edd-f887-4e0e-a7a4-d7a2958f0e96(nltps.corpus.hlr)/1bNmcZ3JGVm,hlr-corpus-export.json#VAL-008,equivalent
VAL-009,overleaf/NL_TPS_High_Level_Requirements.tex,0b2d5d265ba777686c62b8b7a68127ac2b07deb0d845284da88c090466f52624,r:42669edd-f887-4e0e-a7a4-d7a2958f0e96(nltps.corpus.hlr)/1bNmcZ3JGVx,hlr-corpus-export.json#VAL-009,equivalent
